{
  "train_loss": [
    0.0,
    0.0,
    0.0
  ],
  "train_wer": [
    1.0,
    1.0,
    1.0
  ],
  "val_loss": [
    0.0,
    0.0,
    0.0
  ],
  "val_wer": [
    1.0,
    1.0,
    1.0
  ],
  "learning_rates": [
    0.0005,
    0.00048800884649231267,
    0.00045320916362186214
  ],
  "epochs": [
    0,
    1,
    2
  ]
}