{
  "train_loss": [
    2.887046944153936,
    2.612897548236345
  ],
  "train_wer": [
    1.0,
    1.0
  ],
  "val_loss": [
    2.5917264787774337,
    2.5166028800763582
  ],
  "val_wer": [
    1.0,
    1.0
  ],
  "learning_rates": [
    0.0005,
    0.00048800884649231267
  ],
  "epochs": [
    0,
    1
  ]
}